timestamp,datetime,comment-id,author-id,agrees,disagrees,moderated,comment-body
1685667616909,Fri Jun 02 01:00:16 UTC 2023,0,0,4,6,1,comment 1 中文
1685667620773,Fri Jun 02 01:00:20 UTC 2023,1,0,5,5,1,comment 2 中文
1685667660530,Fri Jun 02 01:01:00 UTC 2023,2,0,4,6,1,comment 3 中文
1685669804655,Fri Jun 02 01:36:44 UTC 2023,3,8,4,0,0,test 4 (comment by user)
1685669982587,Fri Jun 02 01:39:42 UTC 2023,4,9,2,0,0,comment by user 10
1685670290577,Fri Jun 02 01:44:50 UTC 2023,5,10,1,1,0,test user comment 11
1686386535660,Sat Jun 10 08:42:15 UTC 2023,6,10,2,0,0,some new comment
1686386591301,Sat Jun 10 08:43:11 UTC 2023,7,10,2,0,0,test other new comment
1686388965685,Sat Jun 10 09:22:45 UTC 2023,8,0,2,0,0,test new comment 3
1686389057623,Sat Jun 10 09:24:17 UTC 2023,9,0,2,0,0,test new comment 4
1686389062033,Sat Jun 10 09:24:22 UTC 2023,10,0,2,0,0,test new comment 5
1686390412679,Sat Jun 10 09:46:52 UTC 2023,11,0,2,0,0,test comment 6
1686390547680,Sat Jun 10 09:49:07 UTC 2023,12,10,2,0,0,test comment 7
1686391185017,Sat Jun 10 09:59:45 UTC 2023,13,0,1,0,0,test comment 8
1686391553986,Sat Jun 10 10:05:53 UTC 2023,14,10,2,0,0,new comment 9
1686391689783,Sat Jun 10 10:08:09 UTC 2023,15,10,1,1,0,new comment 10
1686391953549,Sat Jun 10 10:12:33 UTC 2023,16,10,2,0,0,new comment 12
1686392112151,Sat Jun 10 10:15:12 UTC 2023,17,10,2,0,0,測試中翻英
1686393467571,Sat Jun 10 10:37:47 UTC 2023,18,10,1,0,0,This is a new comment to test Google Cloud Translation API
